query,output,flag,username,timestamp
,,,,2023-11-30 16:04:10.452432
,,,,2023-11-30 17:37:13.980086
,,,,2023-11-30 17:39:13.128172
What the price of wood in 2024?,"The predicted price of WPU10170502 in 2024 is 173.34197982407156. Additional context: 
WPU10170502 is a cryptocurrency token that was created to support the development and growth of the Web3 ecosystem. As with any cryptocurrency, the value of WPU10170502 can fluctuate based on various market and economic factors. Here are some contextual factors that may impact the price of WPU10170502 in 2024:

1. Market demand: The price of WPU10170502 is likely to be influenced by market demand for cryptocurrencies. As more investors and institutions become interested in investing in cryptocurrencies, the demand for WPU10170502 may increase, which could drive up its price.
2. Regulatory environment: Governments around the world are still figuring out how to regulate cryptocurrencies, and this can impact their adoption and use cases. If regulatory environments become more favorable, it could lead to increased mainstream adoption of WPU10170502 and other cryptocurrencies, which could drive up their prices.
3. Competition: The cryptocurrency market is highly competitive, with many different tokens vying for attention and adoption. If a new token or project emerges that gains significant traction, it could potentially cannibalize WPU10170502's user base and drive down its price.
4. Technological advancements: The blockchain and cryptocurrency ecosystem is constantly evolving, with new technologies and innovations emerging all the time. If these advancements lead to improved scalability, security, or usability of WPU10170502 or other cryptocurrencies, it could lead to increased adoption and higher prices.
5. Global economic conditions: The global economy can have a significant impact on the price of cryptocurrencies like WPU10170502. If there are signs of a global economic slowdown or recession, it could lead to a decrease in investor confidence and a subsequent drop in cryptocurrency prices.
6. Network effects: As more users adopt WPU10170502 and use it for various purposes, the network effects of the token can become more pronounced. This can lead to increased adoption and higher prices as more people want to be a part of the growing ecosystem.
7. Partnerships and collaborations: WPU10170502 has partnered with various companies and organizations in the Web3 space, which can help drive adoption and increase its value. If the token can secure more high-profile partnerships and collaborations, it could lead to increased demand and higher prices.
8. Investment and funding: The price of WPU10170502 can also be influenced by investment and funding in the Web3 ecosystem. If there is a significant increase in investment and funding for Web3 projects, it could lead to increased demand for WPU10170502 and other cryptocurrencies, which could drive up their prices.
9. Security and stability: As with any cryptocurrency, the security and stability of WPU10170502 are crucial factors that can impact its price. If there are significant security breaches or instability in the network, it could lead to a decrease in investor confidence and a subsequent drop in price.

In conclusion, the price of WPU10170502 in 2024 will likely be influenced by a combination of these factors, as well as other market and economic conditions. While it is difficult to make exact predictions, understanding these contextual factors can help provide a framework for evaluating the potential future value of WPU10170502.",,,2023-11-30 18:11:13.411999
